"","x"
"X2eca2010年のDebianを振り返って.2011年を企画する",0.265782004752358
"X2ecaCACertの準備に何が必要か",0.658609157051467
"X2ecaDebian.Miniconf.企画",-1.67677847288666
"X2eca事前課題紹介",-0.325337934747546
"X2eca俺のlibsaneが火をふくぜ",0.884025671678169
"X5dffDebconf11レポート",-0.341629909296384
"X5dffDebianパッケージのビルド方法",1.36712095331843
"X5dffクイズ",-0.341629909296384
"X5dffスポンサーアップロード入門",0.607053388754129
"X5dff事前課題紹介",-0.341629909296384
"X8b79Debian.JP.定例会議処理系にXSLTを使ってみた",0.264815114529638
"X8b79Debian.で.sphinx.と.doxygen.を使う",0.557508487151354
"X8b79クイズ",-0.184083818309900
"X8b79事前課題紹介",-0.495261518150820
"X8b79最近のイベント紹介",-0.219801079954323
"b7942011年の振り返り",-0.101231927535827
"b794DWN.trivia.quiz",-0.994688158876128
"b794quiltでportingしてみた",0.584663154875175
"b794事前課題発表",-0.86518061156894
"b794月刊Debhelper第2回",0.292826734383766
"b8afBtrFSを使ってみる",NA
"b8afCEPHを使ってみる",NA
"b8afExt4を使ってみる",NA
"b8afMiniDebconf計画",NA
"b8afNILFSを使ってみる",NA
"b8af事前課題紹介",NA
"dd42DPN.trivia.quiz",0.268370655108359
"dd42Debian.で快適な.LaTeX.作業環境",0.253402728051224
"dd42Debianとは何なのか.",0.593889881369359
"dd42HaskellとDebianの辛くて甘い関係",-1.4294572162706
"dd42レポートの自動生成",0.253402728051224
"dd42事前課題紹介",0.268370655108359
"dd42月刊.Debhelper",0.994361301686173
"f456CACert.Assure...GPG.keysigning",-0.339146226977589
"f456Debian勉強会アンケートシステム",0.00396377308743415
"f456Kinect",1.29031977439283
"f456事前課題紹介",-0.356155493492248
